{"cameraMode":{"drawMode":0,"name":"Shaded","section":"Shading Mode"},"sceneLighting":true,"audioPlay":false,"sceneViewState":{"showFog":true,"showMaterialUpdate":false,"showSkybox":true,"showFlares":true,"showImageEffects":true,"showParticleSystems":true},"in2DMode":false,"pivot":{"x":-10.350948333740235,"y":17.556488037109376,"z":2.2572402954101564},"rotation":{"x":0.2518981397151947,"y":-0.050779543817043307,"z":0.013238257728517056,"w":0.9663318991661072},"size":84.39704132080078,"orthographic":false}